Date;Adj Close
04/01/2010;13.81743431
05/01/2010;13.6989584
06/01/2010;13.88407612
07/01/2010;13.75449371
08/01/2010;13.68044472
11/01/2010;13.6360178
12/01/2010;13.46200371
13/01/2010;13.439785
14/01/2010;13.20653439
15/01/2010;13.23615551
18/01/2010;13.53234482
19/01/2010;13.4694109
20/01/2010;13.12508202
21/01/2010;12.71041107
22/01/2010;12.86591339
26/01/2010;12.5512085
27/01/2010;12.62895489
28/01/2010;12.81407928
29/01/2010;12.65116882
01/02/2010;12.69930077
02/02/2010;12.62525272
03/02/2010;12.6030426
04/02/2010;11.95881844
05/02/2010;11.67003059
08/02/2010;11.75148201
09/02/2010;11.93660641
10/02/2010;12.08469868
11/02/2010;12.35127449
12/02/2010;12.51418304
17/02/2010;12.6807909
18/02/2010;12.84369278
19/02/2010;12.7178154
22/02/2010;12.82888889
23/02/2010;12.65857315
24/02/2010;12.56601524
25/02/2010;12.72892666
26/02/2010;12.81407928
01/03/2010;12.93255711
02/03/2010;13.00290012
03/03/2010;13.01401043
04/03/2010;13.03252029
05/03/2010;13.25836945
08/03/2010;13.21764088
09/03/2010;13.51383591
10/03/2010;13.6989584
11/03/2010;13.71746826
12/03/2010;13.72117043
15/03/2010;13.61380768
16/03/2010;13.77670574
17/03/2010;13.75449371
18/03/2010;13.70636177
19/03/2010;13.41386986
22/03/2010;13.41757298
23/03/2010;13.26207256
24/03/2010;13.36203384
25/03/2010;13.03252029
26/03/2010;12.77335072
29/03/2010;12.92144966
30/03/2010;12.8844223
31/03/2010;13.10286522
01/04/2010;13.23615551
05/04/2010;13.33241749
06/04/2010;13.35833454
07/04/2010;13.25466442
08/04/2010;13.25836945
09/04/2010;13.04362869
12/04/2010;12.73262119
13/04/2010;12.65857315
14/04/2010;12.6807909
15/04/2010;12.44013309
16/04/2010;12.19947338
19/04/2010;12.42162037
20/04/2010;12.69930077
22/04/2010;12.53639603
23/04/2010;12.63794327
26/04/2010;12.38146973
27/04/2010;11.93170643
28/04/2010;12.03950119
29/04/2010;12.27367496
30/04/2010;12.19190121
03/05/2010;11.70868397
04/05/2010;11.31467915
05/05/2010;11.22918606
06/05/2010;11.08050823
07/05/2010;11.05820274
10/05/2010;11.20688534
11/05/2010;11.00988388
12/05/2010;11.11395836
13/05/2010;11.15112686
14/05/2010;11.1845808
17/05/2010;11.09537125
18/05/2010;10.86119938
19/05/2010;10.61215878
20/05/2010;10.19585037
21/05/2010;10.25160503
24/05/2010;10.15436268
25/05/2010;9.92995739
26/05/2010;10.11696053
27/05/2010;10.40120888
28/05/2010;10.40120888
31/05/2010;11.07068825
01/06/2010;10.71537495
02/06/2010;10.88367748
04/06/2010;10.93978024
07/06/2010;11.04076862
08/06/2010;11.09312439
09/06/2010;11.05198479
10/06/2010;11.18288898
11/06/2010;11.07816696
14/06/2010;10.86498165
15/06/2010;10.84627819
16/06/2010;11.08938503
17/06/2010;11.04076862
18/06/2010;11.02954578
21/06/2010;10.99588585
22/06/2010;10.88742161
23/06/2010;10.65927601
24/06/2010;10.28152466
25/06/2010;10.43860912
28/06/2010;10.2553463
29/06/2010;10.03467846
30/06/2010;10.04590034
01/07/2010;9.892554283
02/07/2010;10.01223755
05/07/2010;9.926215172
06/07/2010;10.11696053
07/07/2010;10.24786568
08/07/2010;10.31518745
12/07/2010;10.1842823
13/07/2010;10.21046448
14/07/2010;10.21046448
15/07/2010;10.13940048
16/07/2010;10.03841972
19/07/2010;10.07956123
20/07/2010;10.34136581
21/07/2010;10.28526592
22/07/2010;10.4647913
23/07/2010;10.3937273
26/07/2010;10.43487072
27/07/2010;10.4647913
28/07/2010;10.39746857
29/07/2010;10.37502956
30/07/2010;10.41616631
02/08/2010;10.70216274
03/08/2010;10.94299603
04/08/2010;11.0408392
05/08/2010;11.07470703
06/08/2010;10.94676018
09/08/2010;10.84892273
10/08/2010;10.69087315
11/08/2010;10.34843349
12/08/2010;10.35972404
13/08/2010;10.40864182
16/08/2010;10.38982773
17/08/2010;10.64947605
18/08/2010;10.41616631
19/08/2010;10.07749653
20/08/2010;10.07749653
23/08/2010;10.03233433
24/08/2010;9.836657524
25/08/2010;9.814079285
26/08/2010;9.671082497
27/08/2010;9.9947052
30/08/2010;9.577005386
31/08/2010;9.80655098
01/09/2010;10.17157173
02/09/2010;10.38606071
03/09/2010;10.83763123
06/09/2010;10.94676018
08/09/2010;10.4726162
09/09/2010;10.3145647
10/09/2010;10.35596085
13/09/2010;10.64947605
14/09/2010;10.10383511
15/09/2010;9.953312874
16/09/2010;9.919445992
17/09/2010;9.949549675
20/09/2010;10.19791031
21/09/2010;9.915681839
22/09/2010;9.77644825
23/09/2010;10.0850172
24/09/2010;9.896866798
27/09/2010;9.972126961
28/09/2010;10.04738808
29/09/2010;10.34843349
30/09/2010;10.26940823
01/10/2010;10.34843349
04/10/2010;10.30327892
05/10/2010;10.15275669
06/10/2010;9.731290817
07/10/2010;9.52055645
08/10/2010;9.78397274
11/10/2010;9.727527618
13/10/2010;9.674843788
14/10/2010;9.949549675
15/10/2010;9.8931036
18/10/2010;9.93449688
19/10/2010;9.513033867
20/10/2010;9.403904915
21/10/2010;9.091569901
22/10/2010;9.110381126
25/10/2010;9.245857239
26/10/2010;9.727527618
27/10/2010;9.855470657
28/10/2010;9.881816864
29/10/2010;9.727527618
01/11/2010;9.968362808
03/11/2010;10.21426487
04/11/2010;10.40341759
05/11/2010;10.30884075
08/11/2010;10.41476345
09/11/2010;10.25966263
10/11/2010;10.2634449
11/11/2010;10.10833549
12/11/2010;9.779210091
16/11/2010;9.608973503
17/11/2010;9.627890587
18/11/2010;9.798127174
19/11/2010;9.722462654
22/11/2010;9.480348587
23/11/2010;9.325245857
24/11/2010;9.548440933
25/11/2010;9.400903702
26/11/2010;9.30632782
29/11/2010;9.344159126
30/11/2010;9.302545547
01/12/2010;9.556010246
02/12/2010;9.608973503
03/12/2010;9.722462654
06/12/2010;9.782995224
07/12/2010;9.590055466
08/12/2010;9.457651138
09/12/2010;9.608973503
10/12/2010;9.722462654
13/12/2010;9.801908493
14/12/2010;9.7716465
15/12/2010;9.597622871
16/12/2010;9.590055466
17/12/2010;9.813257217
20/12/2010;9.673286438
21/12/2010;9.748944283
22/12/2010;9.806134224
23/12/2010;9.817575455
27/12/2010;9.931952477
28/12/2010;10.16452503
29/12/2010;10.28271675
30/12/2010;10.40472221
03/01/2011;10.29415703
04/01/2011;10.25602722
05/01/2011;10.37803268
06/01/2011;10.33609295
07/01/2011;10.19121265
10/01/2011;10.2865324
11/01/2011;10.35134411
12/01/2011;10.63729382
13/01/2011;10.41234684
14/01/2011;10.5038538
17/01/2011;10.46572685
18/01/2011;10.56866646
19/01/2011;10.40853596
20/01/2011;10.39709663
21/01/2011;10.31321716
24/01/2011;10.29415703
26/01/2011;10.22934151
27/01/2011;10.24459076
28/01/2011;10.16833591
31/01/2011;10.32846928
01/02/2011;10.53816605
02/02/2011;10.59916592
03/02/2011;10.68686104
04/02/2011;10.53053951
07/02/2011;10.37803268
08/02/2011;10.24840546
09/02/2011;10.24840546
10/02/2011;10.24840546
11/02/2011;10.06539536
14/02/2011;10.19884109
15/02/2011;10.28271675
16/02/2011;10.41234684
17/02/2011;10.38947296
18/02/2011;10.43522549
21/02/2011;10.446661
22/02/2011;10.5877285
23/02/2011;10.94611645
24/02/2011;10.94611645
25/02/2011;10.90417862
28/02/2011;10.89655399
01/03/2011;10.78598499
02/03/2011;11.01855755
03/03/2011;11.0414362
04/03/2011;11.08718586
09/03/2011;11.08718586
10/03/2011;10.72117043
11/03/2011;10.74023533
14/03/2011;10.78217506
15/03/2011;10.69067001
16/03/2011;10.5915432
17/03/2011;10.70592213
18/03/2011;10.63729382
21/03/2011;10.72498322
22/03/2011;10.79151249
23/03/2011;10.79151249
24/03/2011;10.90660286
25/03/2011;10.90660286
28/03/2011;10.87591362
29/03/2011;10.87591362
30/03/2011;10.87591362
31/03/2011;10.88358688
01/04/2011;10.88358688
04/04/2011;10.9756546
05/04/2011;10.9756546
06/04/2011;10.88358688
07/04/2011;10.74164295
08/04/2011;10.74547958
11/04/2011;10.54598904
12/04/2011;10.22374153
13/04/2011;10.0319252
14/04/2011;9.966710091
15/04/2011;10.17770863
18/04/2011;10.17770863
19/04/2011;9.870800972
20/04/2011;10.08563709
25/04/2011;10.04343605
26/04/2011;10.05110931
27/04/2011;9.874637604
28/04/2011;9.763386726
29/04/2011;9.869989395
02/05/2011;9.920110703
03/05/2011;9.812157631
04/05/2011;9.762034416
05/05/2011;9.43432045
06/05/2011;9.334077835
09/05/2011;9.348345757
10/05/2011;9.484443665
11/05/2011;9.484443665
12/05/2011;9.567519188
13/05/2011;9.567519188
16/05/2011;9.567519188
17/05/2011;9.567519188
18/05/2011;9.567519188
19/05/2011;9.194149971
20/05/2011;9.330273628
23/05/2011;9.178593636
24/05/2011;9.2758255
25/05/2011;9.295269966
26/05/2011;9.411946297
27/05/2011;9.446950912
30/05/2011;9.365275383
31/05/2011;9.369166374
01/06/2011;9.334163666
02/06/2011;9.314716339
03/06/2011;9.248599052
06/06/2011;9.023023605
07/06/2011;8.945240974
08/06/2011;9.023023605
09/06/2011;9.217486382
10/06/2011;9.225262642
13/06/2011;9.073583603
14/06/2011;9.178593636
15/06/2011;9.061914444
16/06/2011;9.058028221
17/06/2011;9.038579941
20/06/2011;8.984130859
21/06/2011;9.038579941
22/06/2011;9.046359062
24/06/2011;8.894678116
27/06/2011;8.976352692
28/06/2011;9.12025547
29/06/2011;9.093031883
30/06/2011;9.225262642
01/07/2011;9.236930847
04/07/2011;9.25637722
05/07/2011;9.1630373
06/07/2011;9.14358902
07/07/2011;9.19025898
08/07/2011;9.116364479
11/07/2011;9.00357914
12/07/2011;8.991912842
13/07/2011;9.09691906
14/07/2011;8.92579174
15/07/2011;8.94134903
18/07/2011;8.851899147
19/07/2011;8.809116364
20/07/2011;8.704104424
21/07/2011;8.945240974
22/07/2011;8.933569908
25/07/2011;9.373053551
26/07/2011;9.201928139
27/07/2011;9.174703598
28/07/2011;9.139702797
29/07/2011;9.139702797
01/08/2011;9.139702797
02/08/2011;9.139702797
03/08/2011;9.221042633
04/08/2011;9.221042633
05/08/2011;9.221042633
08/08/2011;9.221042633
09/08/2011;9.221042633
10/08/2011;9.221042633
11/08/2011;9.221042633
12/08/2011;9.221042633
15/08/2011;9.221042633
16/08/2011;9.221042633
17/08/2011;8.189072609
18/08/2011;7.965408325
19/08/2011;7.729979992
22/08/2011;7.71036005
23/08/2011;7.910476208
24/08/2011;7.937943459
25/08/2011;7.792760849
26/08/2011;7.808456898
29/08/2011;8.039962769
30/08/2011;8.06350708
31/08/2011;8.161603928
01/09/2011;8.255776405
02/09/2011;7.992878437
05/09/2011;7.859464169
06/09/2011;8.032114029
08/09/2011;8.106668472
09/09/2011;7.906552315
12/09/2011;7.981105804
13/09/2011;7.973259449
14/09/2011;8.051733971
15/09/2011;8.06350708
16/09/2011;8.102745056
19/09/2011;8.161603928
20/09/2011;8.083127022
21/09/2011;8.083127022
22/09/2011;7.651503563
23/09/2011;7.518091202
26/09/2011;7.761370659
27/09/2011;7.671123981
28/09/2011;7.592644691
29/09/2011;7.612264156
30/09/2011;7.494546413
03/10/2011;7.223804474
04/10/2011;7.278736591
05/10/2011;7.145327091
06/10/2011;7.396453381
07/10/2011;7.180641174
10/10/2011;7.419994831
11/10/2011;7.518091202
13/10/2011;7.60834074
14/10/2011;7.706438541
17/10/2011;7.573025703
18/10/2011;7.573025703
19/10/2011;7.545559406
20/10/2011;7.384681225
21/10/2011;7.561254025
24/10/2011;7.561254025
25/10/2011;7.561254025
26/10/2011;7.561254025
27/10/2011;7.561254025
28/10/2011;8.216536522
31/10/2011;8.467662811
01/11/2011;8.291088104
03/11/2011;8.601075172
04/11/2011;8.671702385
07/11/2011;8.899287224
08/11/2011;8.793343544
09/11/2011;8.420575142
10/11/2011;8.420575142
11/11/2011;8.616769791
14/11/2011;8.680129051
16/11/2011;8.755368233
17/11/2011;8.52173233
18/11/2011;8.612808228
21/11/2011;8.632606506
22/11/2011;8.585091591
23/11/2011;8.541529655
24/11/2011;8.581130028
25/11/2011;8.319776535
28/11/2011;8.513811111
29/11/2011;8.47817421
30/11/2011;8.731607437
01/12/2011;8.917723656
02/12/2011;8.921683311
05/12/2011;9.095917702
06/12/2011;9.23451519
07/12/2011;9.222635269
08/12/2011;8.917723656
09/12/2011;9.115717888
12/12/2011;9.115717888
13/12/2011;8.878123283
14/12/2011;8.640528679
15/12/2011;8.517772675
16/12/2011;8.434613228
19/12/2011;8.363336563
20/12/2011;8.751405716
21/12/2011;8.680129051
22/12/2011;8.771205902
23/12/2011;8.7989254
26/12/2011;8.779125214
27/12/2011;8.791007042
28/12/2011;8.486091614
29/12/2011;8.509852409
02/01/2012;8.60488987
03/01/2012;8.947166443
04/01/2012;9.011044502
05/01/2012;8.907240868
06/01/2012;8.915224075
09/01/2012;9.03499794
10/01/2012;9.14279747
11/01/2012;9.146789551
12/01/2012;9.214662552
13/01/2012;9.202684402
16/01/2012;9.442234993
17/01/2012;9.442234993
18/01/2012;9.729694366
19/01/2012;9.665809631
20/01/2012;9.669804573
23/01/2012;10.03312111
24/01/2012;10.14091969
26/01/2012;9.949277878
27/01/2012;9.849470139
30/01/2012;9.809541702
31/01/2012;9.809541702
01/02/2012;9.961257935
02/02/2012;9.793574333
03/02/2012;9.825512886
06/02/2012;9.925326347
07/02/2012;10.22076797
08/02/2012;10.15289688
09/02/2012;10.18084431
10/02/2012;9.382346153
13/02/2012;9.382346153
14/02/2012;9.266564369
15/02/2012;9.222647667
16/02/2012;9.534062386
17/02/2012;9.601932526
23/02/2012;9.550033569
24/02/2012;9.773608208
27/02/2012;9.72170639
28/02/2012;9.713723183
29/02/2012;9.705737114
01/03/2012;9.933309555
02/03/2012;10.10099411
05/03/2012;9.817527771
06/03/2012;9.482160568
07/03/2012;9.573987007
08/03/2012;9.617901802
09/03/2012;9.466190338
12/03/2012;9.35439682
13/03/2012;9.753648758
14/03/2012;9.913348198
15/03/2012;9.669804573
16/03/2012;9.72170639
19/03/2012;9.72170639
20/03/2012;9.739524841
21/03/2012;9.675318718
22/03/2012;9.675318718
23/03/2012;9.510785103
26/03/2012;9.715447426
27/03/2012;9.550914764
28/03/2012;9.386382103
29/03/2012;9.358290672
30/03/2012;9.370330811
02/04/2012;9.322173119
03/04/2012;9.049292564
04/04/2012;8.732265472
05/04/2012;8.828577995
09/04/2012;8.664045334
10/04/2012;8.503525734
11/04/2012;8.567733765
12/04/2012;8.832591057
13/04/2012;8.696149826
16/04/2012;8.631940842
17/04/2012;8.660033226
18/04/2012;8.732265472
19/04/2012;8.607862473
20/04/2012;8.611875534
23/04/2012;8.539644241
24/04/2012;8.523588181
25/04/2012;8.479449272
26/04/2012;8.523588181
27/04/2012;8.399188042
30/04/2012;8.543653488
02/05/2012;8.543653488
03/05/2012;8.587799072
04/05/2012;8.21860218
07/05/2012;8.258733749
08/05/2012;8.130318642
09/05/2012;8.090188026
10/05/2012;7.993874073
11/05/2012;7.837368488
14/05/2012;7.663024426
15/05/2012;7.496790886
16/05/2012;7.821151733
17/05/2012;7.472464085
18/05/2012;7.73195076
21/05/2012;7.73195076
22/05/2012;7.991439342
23/05/2012;7.796823978
24/05/2012;7.581934929
25/05/2012;7.557606697
28/05/2012;7.6184268
29/05/2012;7.642753124
30/05/2012;7.440027237
31/05/2012;7.756279469
01/06/2012;7.622478962
04/06/2012;7.748168945
05/06/2012;7.622478962
06/06/2012;7.740061283
08/06/2012;7.654915333
11/06/2012;7.456243992
12/06/2012;7.541388988
13/06/2012;7.663024426
14/06/2012;7.367045879
15/06/2012;7.52111721
18/06/2012;7.52111721
19/06/2012;7.967112541
20/06/2012;8.068475723
21/06/2012;7.813043118
22/06/2012;7.926568508
25/06/2012;7.217028618
26/06/2012;7.298118114
27/06/2012;7.15215683
28/06/2012;7.176483154
29/06/2012;7.39948225
02/07/2012;7.444081783
03/07/2012;7.699516773
04/07/2012;7.683298111
05/07/2012;7.946840286
06/07/2012;7.784657955
10/07/2012;7.456243992
11/07/2012;7.517063141
12/07/2012;7.533281803
13/07/2012;7.926568508
16/07/2012;7.926568508
17/07/2012;7.804933548
18/07/2012;7.837369442
19/07/2012;7.954949856
20/07/2012;7.776550293
23/07/2012;7.687353134
24/07/2012;7.6184268
25/07/2012;7.703569889
26/07/2012;7.808989048
27/07/2012;8.177947044
30/07/2012;8.234711647
31/07/2012;7.906294823
01/08/2012;8.036038399
02/08/2012;7.946840286
03/08/2012;8.084692955
06/08/2012;8.076582909
07/08/2012;8.210383415
08/08/2012;8.587453842
09/08/2012;8.514474869
10/08/2012;8.514474869
13/08/2012;8.526638031
14/08/2012;8.44960022
15/08/2012;8.534743309
16/08/2012;8.700979233
17/08/2012;8.737469673
20/08/2012;8.737469673
21/08/2012;8.611780167
22/08/2012;8.713144302
23/08/2012;8.599616051
24/08/2012;8.607725143
27/08/2012;8.6644907
28/08/2012;8.684761047
29/08/2012;8.599616051
30/08/2012;8.530691147
31/08/2012;8.417162895
03/09/2012;8.368510246
04/09/2012;8.283366203
05/09/2012;8.34823513
06/09/2012;8.514474869
10/09/2012;8.607725143
11/09/2012;8.802341461
12/09/2012;8.915867805
13/09/2012;9.28482914
14/09/2012;9.44701004
17/09/2012;9.434845924
18/09/2012;9.406467438
19/09/2012;9.191576004
20/09/2012;9.329427719
21/09/2012;9.203739166
24/09/2012;9.309155464
25/09/2012;9.191576004
26/09/2012;9.232121468
27/09/2012;9.207795143
28/09/2012;9.069942474
01/10/2012;9.126703262
02/10/2012;9.203739166
03/10/2012;9.057776451
04/10/2012;9.082103729
05/10/2012;9.021286964
08/10/2012;9.069942474
09/10/2012;9.009121895
10/10/2012;8.968579292
11/10/2012;9.122652054
15/10/2012;9.244282722
16/10/2012;9.244282722
17/10/2012;9.183466911
18/10/2012;9.122652054
19/10/2012;9.021286964
22/10/2012;9.021286964
23/10/2012;8.786124229
24/10/2012;8.733416557
25/10/2012;8.8185606
26/10/2012;9.021286964
29/10/2012;8.656381607
30/10/2012;8.729361534
31/10/2012;8.433379173
01/11/2012;8.453655243
05/11/2012;8.611780167
06/11/2012;8.790180206
07/11/2012;8.587453842
08/11/2012;8.35634613
09/11/2012;8.425271034
12/11/2012;8.287419319
13/11/2012;8.299584389
14/11/2012;8.027931213
16/11/2012;7.715733051
19/11/2012;7.756279469
21/11/2012;7.549499989
22/11/2012;7.561660767
23/11/2012;7.772496223
26/11/2012;7.630589008
27/11/2012;7.504899979
28/11/2012;7.561660767
29/11/2012;7.764387131
30/11/2012;7.56571722
03/12/2012;7.703569889
04/12/2012;7.630589008
05/12/2012;7.679242611
06/12/2012;7.581934929
07/12/2012;7.73600769
10/12/2012;7.934678078
11/12/2012;8.10496521
12/12/2012;8.048203468
13/12/2012;7.934678078
14/12/2012;8.194166183
17/12/2012;8.076582909
18/12/2012;8.177947044
19/12/2012;8.486089706
20/12/2012;8.534743309
21/12/2012;8.38877964
26/12/2012;8.133348465
27/12/2012;7.869802952
28/12/2012;7.914404392
02/01/2013;7.98333168
03/01/2013;8.271201134
04/01/2013;8.283366203
07/01/2013;8.141457558
08/01/2013;7.906294823
09/01/2013;7.979276657
10/01/2013;8.040094376
11/01/2013;8.060368538
14/01/2013;7.995494843
15/01/2013;8.036038399
16/01/2013;8.044148445
17/01/2013;7.991439342
18/01/2013;7.938730717
21/01/2013;7.86169672
22/01/2013;7.938730717
23/01/2013;7.926568508
24/01/2013;7.950895309
28/01/2013;7.853586197
29/01/2013;7.748168945
30/01/2013;7.379209518
31/01/2013;7.330555439
01/02/2013;7.48462677
04/02/2013;7.298118114
05/02/2013;7.330555439
06/02/2013;7.135939598
07/02/2013;7.095393181
08/02/2013;7.192700863
13/02/2013;7.217028618
14/02/2013;7.164319992
15/02/2013;7.148100853
18/02/2013;7.257575035
19/02/2013;7.338664532
20/02/2013;7.144048691
21/02/2013;7.022411346
22/02/2013;6.953485012
25/02/2013;6.872396469
26/02/2013;6.787252426
27/02/2013;6.815632343
28/02/2013;6.73454237
01/03/2013;6.85212326
04/03/2013;6.689942837
05/03/2013;6.714269638
06/03/2013;7.318390846
07/03/2013;7.683298111
08/03/2013;7.44813633
11/03/2013;7.675189018
12/03/2013;7.598152637
13/03/2013;7.602207661
14/03/2013;7.821151733
15/03/2013;7.740061283
18/03/2013;7.784657955
19/03/2013;7.744115353
20/03/2013;7.642753124
21/03/2013;7.513009548
22/03/2013;7.553551674
25/03/2013;7.537335873
26/03/2013;7.537335873
27/03/2013;7.468408108
28/03/2013;7.468408108
01/04/2013;7.310282707
02/04/2013;7.176483154
03/04/2013;7.298118114
04/04/2013;7.180538177
05/04/2013;7.217028618
08/04/2013;7.042684555
09/04/2013;7.35893631
10/04/2013;7.468408108
11/04/2013;7.294065952
12/04/2013;7.281902313
15/04/2013;6.985920906
16/04/2013;7.176483154
17/04/2013;6.961593151
18/04/2013;7.225138187
19/04/2013;7.456243992
22/04/2013;7.6184268
23/04/2013;7.752224445
24/04/2013;7.881968498
25/04/2013;7.772496223
26/04/2013;7.772496223
29/04/2013;8.279309273
30/04/2013;8.302523613
02/05/2013;8.368645668
03/05/2013;8.252931595
06/05/2013;8.401707649
07/05/2013;8.521553993
08/05/2013;8.385177612
09/05/2013;8.389307976
10/05/2013;8.248799324
13/05/2013;8.05456543
14/05/2013;8.079359055
15/05/2013;8.087625504
16/05/2013;8.162013054
17/05/2013;8.21986866
20/05/2013;8.347984314
21/05/2013;8.368645668
22/05/2013;8.232269287
23/05/2013;8.207472801
24/05/2013;8.302523613
27/05/2013;8.236400604
28/05/2013;8.281861305
29/05/2013;8.20334053
31/05/2013;8.290124893
03/06/2013;8.385177612
04/06/2013;8.294259071
05/06/2013;8.025634766
06/06/2013;8.042164803
07/06/2013;7.785940647
10/06/2013;7.802470684
11/06/2013;7.657827854
12/06/2013;7.488389015
13/06/2013;7.769409657
14/06/2013;7.583439827
17/06/2013;7.475991249
18/06/2013;7.368542194
19/06/2013;7.108182907
20/06/2013;6.980069637
21/06/2013;6.781703949
24/06/2013;6.575069427
25/06/2013;6.653591156
26/06/2013;6.67425251
27/06/2013;6.769305229
28/06/2013;6.682518959
01/07/2013;6.661855698
02/07/2013;6.360171795
03/07/2013;6.57093811
04/07/2013;6.595734596
05/07/2013;6.260986328
08/07/2013;6.198997021
10/07/2013;6.302314281
11/07/2013;6.513080597
12/07/2013;6.376701355
15/07/2013;6.405630589
16/07/2013;6.508947372
17/07/2013;6.637057781
18/07/2013;6.653591156
19/07/2013;6.603998661
22/07/2013;6.736243725
23/07/2013;6.781703949
24/07/2013;6.7734375
25/07/2013;6.95940876
26/07/2013;6.95940876
29/07/2013;6.893284321
30/07/2013;6.80236721
31/07/2013;6.7321105
01/08/2013;7.000736237
02/08/2013;6.94701004
05/08/2013;6.880886078
06/08/2013;6.727979183
07/08/2013;6.71558094
08/08/2013;6.880886078
09/08/2013;7.058592319
12/08/2013;6.860224724
13/08/2013;6.765172005
14/08/2013;7.004867077
15/08/2013;7.368542194
16/08/2013;7.347878933
19/08/2013;7.368542194
20/08/2013;7.079255104
21/08/2013;7.166042328
22/08/2013;7.546245098
23/08/2013;7.666093826
26/08/2013;7.517316818
27/08/2013;7.211499691
28/08/2013;7.09165287
29/08/2013;6.984203815
30/08/2013;7.021397591
02/09/2013;6.984203815
03/09/2013;6.934612751
04/09/2013;6.963541031
05/09/2013;7.24869442
06/09/2013;7.339612007
09/09/2013;7.509052277
10/09/2013;7.579308033
11/09/2013;7.542114258
12/09/2013;7.376806736
13/09/2013;7.492520809
16/09/2013;7.62476778
17/09/2013;7.657827854
18/09/2013;7.810736179
19/09/2013;7.918186665
20/09/2013;7.827266693
23/09/2013;7.91405344
24/09/2013;7.757011414
25/09/2013;7.769409657
26/09/2013;7.682625294
27/09/2013;7.637166023
30/09/2013;7.587573051
01/10/2013;7.711553097
02/10/2013;7.761145592
03/10/2013;7.661961079
04/10/2013;7.715685368
07/10/2013;7.695022583
08/10/2013;7.566909313
09/10/2013;7.467726231
10/10/2013;7.500787735
11/10/2013;7.48012352
14/10/2013;7.55038023
15/10/2013;7.612367153
16/10/2013;7.583439827
17/10/2013;7.525581837
18/10/2013;7.414000034
21/10/2013;7.802470684
22/10/2013;7.666093826
23/10/2013;7.575173855
24/10/2013;7.537982464
25/10/2013;7.641298294
28/10/2013;8.21986866
29/10/2013;8.141348839
30/10/2013;8.244667053
31/10/2013;8.385177612
01/11/2013;8.207472801
04/11/2013;8.356249809
05/11/2013;8.368645668
06/11/2013;8.43476963
07/11/2013;8.265329361
08/11/2013;8.11655426
11/11/2013;8.302523613
12/11/2013;8.079359055
13/11/2013;8.240534782
14/11/2013;8.451299667
18/11/2013;8.860435486
19/11/2013;8.72405529
21/11/2013;8.637268066
22/11/2013;8.542218208
25/11/2013;8.414106369
26/11/2013;7.885126114
27/11/2013;7.839664459
28/11/2013;7.711553097
29/11/2013;7.901655674
02/12/2013;7.17430687
03/12/2013;7.236296654
04/12/2013;7.215632915
05/12/2013;7.285888195
06/12/2013;7.120581627
09/12/2013;7.211499691
10/12/2013;7.149509907
11/12/2013;6.934612751
12/12/2013;6.967672348
13/12/2013;7.116449356
16/12/2013;7.166042328
17/12/2013;6.942876339
18/12/2013;6.95940876
19/12/2013;7.128848076
20/12/2013;6.988336086
23/12/2013;7.050325871
26/12/2013;6.992469788
27/12/2013;6.996601105
30/12/2013;7.058592319
02/01/2014;6.922213078
03/01/2014;6.818897247
06/01/2014;6.868490219
07/01/2014;6.678386688
08/01/2014;6.690784931
09/01/2014;6.488284588
10/01/2014;6.599865913
13/01/2014;6.517212391
14/01/2014;6.488284588
15/01/2014;6.62879467
16/01/2014;6.442825794
17/01/2014;6.409763336
20/01/2014;6.273385048
21/01/2014;6.339508057
22/01/2014;6.546141624
23/01/2014;6.393232822
24/01/2014;6.240323544
27/01/2014;6.244455338
28/01/2014;6.219662189
29/01/2014;6.116343975
30/01/2014;6.075017452
31/01/2014;6.075017452
03/02/2014;5.723741055
04/02/2014;5.82292366
05/02/2014;5.715475559
06/02/2014;5.872517109
07/02/2014;5.971700668
10/02/2014;6.037823677
11/02/2014;6.182467937
12/02/2014;6.182467937
13/02/2014;6.037823677
14/02/2014;6.025426388
17/02/2014;5.963435173
18/02/2014;5.831189632
19/02/2014;5.868384361
20/02/2014;5.851852417
21/02/2014;5.847720146
24/02/2014;5.99236393
25/02/2014;5.860119343
26/02/2014;5.661751747
27/02/2014;5.802261829
28/02/2014;5.616291046
05/03/2014;5.492311478
06/03/2014;5.550169468
07/03/2014;5.504709244
10/03/2014;5.376597404
11/03/2014;5.41792345
12/03/2014;5.504709244
13/03/2014;5.3848629
14/03/2014;5.281545639
17/03/2014;5.194759846
18/03/2014;5.360066414
19/03/2014;5.512975216
20/03/2014;5.781599045
21/03/2014;5.793996334
24/03/2014;5.959302425
25/03/2014;5.984098434
26/03/2014;5.95103693
27/03/2014;6.434559345
28/03/2014;6.471753597
31/03/2014;6.521344185
01/04/2014;6.533743382
02/04/2014;6.430427074
03/04/2014;6.78612566
04/04/2014;6.803750515
07/04/2014;7.253221512
08/04/2014;7.046112537
09/04/2014;6.984419823
10/04/2014;6.909509659
11/04/2014;7.134245396
14/04/2014;7.019673347
15/04/2014;6.750872135
16/04/2014;6.953573704
17/04/2014;7.217969418
22/04/2014;7.032894135
23/04/2014;7.068146229
24/04/2014;7.107804298
25/04/2014;7.0637393
28/04/2014;7.297286987
29/04/2014;7.35457468
30/04/2014;7.297286987
02/05/2014;7.799636841
05/05/2014;7.742352009
06/05/2014;8.037592888
07/05/2014;8.18741703
08/05/2014;7.878954411
09/05/2014;7.786417007
12/05/2014;7.945052624
13/05/2014;7.914209843
14/05/2014;8.059625626
15/05/2014;7.945052624
16/05/2014;7.936242104
19/05/2014;7.9053936
20/05/2014;7.623374462
21/05/2014;7.693881035
22/05/2014;7.790823936
23/05/2014;7.799636841
26/05/2014;7.87014389
27/05/2014;7.707099915
28/05/2014;7.799636841
29/05/2014;7.623374462
30/05/2014;7.35457468
02/06/2014;7.292881012
03/06/2014;7.447112083
04/06/2014;7.314914227
05/06/2014;7.191530704
06/06/2014;7.790823936
09/06/2014;7.96268177
10/06/2014;8.227075577
11/06/2014;8.319613457
13/06/2014;8.368085861
16/06/2014;8.257920265
17/06/2014;8.072842598
18/06/2014;8.372490883
20/06/2014;8.240294456
23/06/2014;8.064031601
24/06/2014;7.773197174
25/06/2014;7.61896944
26/06/2014;7.632186413
27/06/2014;7.579308033
30/06/2014;7.61896944
01/07/2014;7.574901581
02/07/2014;7.544055462
03/07/2014;7.720320702
04/07/2014;7.711506367
07/07/2014;7.632186413
08/07/2014;7.636594772
10/07/2014;7.980308533
11/07/2014;8.037592888
14/07/2014;8.416559219
15/07/2014;8.487063408
16/07/2014;8.509097099
17/07/2014;8.619260788
18/07/2014;9.042291641
21/07/2014;9.227369308
22/07/2014;9.275838852
23/07/2014;8.923313141
24/07/2014;8.949755669
25/07/2014;9.029070854
28/07/2014;8.879247665
29/07/2014;8.645700455
30/07/2014;8.747051239
31/07/2014;8.416559219
01/08/2014;8.372490883
04/08/2014;8.614853859
05/08/2014;8.680953026
06/08/2014;8.949755669
07/08/2014;8.879247665
08/08/2014;8.509097099
11/08/2014;8.874843597
12/08/2014;8.667732239
13/08/2014;8.235890388
14/08/2014;8.196228981
15/08/2014;8.839589119
18/08/2014;8.989412308
19/08/2014;9.214148521
20/08/2014;9.412443161
21/08/2014;9.386003494
22/08/2014;9.218554497
25/08/2014;9.712088585
26/08/2014;9.623960495
27/08/2014;10.06461716
28/08/2014;10.06461716
29/08/2014;10.29375935
01/09/2014;10.5008688
02/09/2014;10.82254791
03/09/2014;10.55374813
04/09/2014;10.04258537
05/09/2014;10.05580235
08/09/2014;9.562267303
09/09/2014;9.465320587
10/09/2014;9.23177433
11/09/2014;9.346344948
12/09/2014;8.874843597
15/09/2014;9.068731308
16/09/2014;9.496166229
17/09/2014;9.747344017
18/09/2014;9.381596565
19/09/2014;9.214148521
22/09/2014;9.07313633
23/09/2014;8.870435715
24/09/2014;8.91450119
25/09/2014;8.742643356
26/09/2014;9.227369308
29/09/2014;8.196228981
30/09/2014;7.97149229
01/10/2014;7.530836582
02/10/2014;7.623374462
03/10/2014;8.086064339
06/10/2014;8.985005379
07/10/2014;9.346344948
08/10/2014;9.187708855
09/10/2014;9.341938019
10/10/2014;8.83518219
13/10/2014;9.751749992
14/10/2014;9.518200874
15/10/2014;8.879247665
16/10/2014;8.218260765
17/10/2014;8.41215229
20/10/2014;7.896582603
21/10/2014;7.447112083
22/10/2014;7.319322109
23/10/2014;6.834597588
24/10/2014;7.323729038
27/10/2014;6.398347855
28/10/2014;6.623081207
29/10/2014;6.178018093
30/10/2014;6.31021452
31/10/2014;6.733246803
03/11/2014;6.543763638
04/11/2014;6.530544281
05/11/2014;6.345467091
06/11/2014;6.195643425
07/11/2014;6.288182259
10/11/2014;6.160392761
11/11/2014;6.169205189
12/11/2014;6.217677116
13/11/2014;5.992942333
14/11/2014;5.816679001
17/11/2014;5.552285194
18/11/2014;5.486185074
19/11/2014;5.631602287
21/11/2014;6.301401138
24/11/2014;6.261743069
25/11/2014;6.235302448
26/11/2014;6.244116783
27/11/2014;5.922437191
28/11/2014;5.658041954
01/12/2014;5.428900719
02/12/2014;5.362802029
03/12/2014;5.600756168
04/12/2014;5.406867981
05/12/2014;5.367209911
08/12/2014;5.071967602
09/12/2014;5.032308578
10/12/2014;4.794353008
11/12/2014;4.684188843
12/12/2014;4.490299225
15/12/2014;3.992357016
16/12/2014;4.128960133
17/12/2014;4.173026562
18/12/2014;4.21709156
19/12/2014;4.331663132
22/12/2014;4.569617748
23/12/2014;4.807573318
26/12/2014;4.547585011
29/12/2014;4.529958248
30/12/2014;4.419794559
02/01/2015;4.124553204
05/01/2015;3.772027731
06/01/2015;3.648643494
07/01/2015;3.820501328
08/01/2015;4.067268848
09/01/2015;4.190652847
12/01/2015;3.895411968
13/01/2015;4.005576134
14/01/2015;3.92625761
15/01/2015;4.102521896
16/01/2015;4.159806728
19/01/2015;4.040829182
20/01/2015;4.102521896
21/01/2015;4.362508774
22/01/2015;4.507925034
23/01/2015;4.397762299
26/01/2015;4.331663132
27/01/2015;4.468266964
28/01/2015;4.014389992
29/01/2015;3.820501328
30/01/2015;3.657457113
02/02/2015;3.873378754
03/02/2015;4.393354893
04/02/2015;4.415388584
05/02/2015;4.331663132
06/02/2015;4.018796444
09/02/2015;4.142179489
10/02/2015;3.92625761
11/02/2015;4.001170158
12/02/2015;4.164212704
13/02/2015;4.419794559
18/02/2015;4.424201012
19/02/2015;4.278783321
20/02/2015;4.247938156
23/02/2015;4.186245441
24/02/2015;4.362508774
25/02/2015;4.142179489
26/02/2015;4.067268848
27/02/2015;4.20827961
02/03/2015;4.15099287
03/03/2015;4.21709156
04/03/2015;4.084895134
05/03/2015;4.071675301
06/03/2015;4.076081276
09/03/2015;3.930664063
10/03/2015;3.754402399
11/03/2015;3.851346016
12/03/2015;3.732369661
13/03/2015;3.675082922
16/03/2015;3.697116852
17/03/2015;3.904224873
18/03/2015;4.054049015
19/03/2015;3.930664063
20/03/2015;4.062861919
23/03/2015;4.111334324
24/03/2015;4.15099287
25/03/2015;4.318443775
26/03/2015;4.111334324
27/03/2015;4.124553204
30/03/2015;4.278783321
31/03/2015;4.256750584
01/04/2015;4.521145821
02/04/2015;4.710628986
06/04/2015;4.719441414
07/04/2015;4.811980247
08/04/2015;4.657749653
09/04/2015;5.102813721
10/04/2015;5.204165936
13/04/2015;5.406867981
14/04/2015;5.490592003
15/04/2015;5.878370762
16/04/2015;5.719734192
17/04/2015;5.706515312
20/04/2015;5.759391785
22/04/2015;5.728547096
23/04/2015;5.671261787
24/04/2015;5.825492382
27/04/2015;5.517032623
28/04/2015;5.627196789
29/04/2015;5.64922905
30/04/2015;5.754986286
04/05/2015;6.076666832
05/05/2015;6.358687401
06/05/2015;6.076666832
07/05/2015;6.019381046
08/05/2015;5.953282356
11/05/2015;6.067853928
12/05/2015;6.050226688
13/05/2015;6.160392761
14/05/2015;6.125139236
15/05/2015;6.186830997
18/05/2015;6.037007809
19/05/2015;5.680075645
20/05/2015;5.658041954
21/05/2015;5.940062523
22/05/2015;5.759391785
25/05/2015;5.653635979
26/05/2015;5.459746361
27/05/2015;5.525845051
28/05/2015;5.574316978
29/05/2015;5.43330574
01/06/2015;5.446526051
02/06/2015;5.675669193
03/06/2015;5.636008263
05/06/2015;5.539063931
08/06/2015;5.539063931
09/06/2015;5.728547096
10/06/2015;5.763800621
11/06/2015;5.772612572
12/06/2015;5.737360001
15/06/2015;5.732954025
16/06/2015;5.895996571
17/06/2015;5.790239811
18/06/2015;5.926841736
19/06/2015;5.794644833
22/06/2015;5.803459644
23/06/2015;5.71532774
24/06/2015;5.825492382
25/06/2015;5.552285194
26/06/2015;5.821085453
29/06/2015;5.662448406
30/06/2015;5.591944218
01/07/2015;5.358394623
02/07/2015;5.442121506
03/07/2015;5.182132721
06/07/2015;5.071967602
07/07/2015;5.186538219
08/07/2015;5.049935341
10/07/2015;5.204165936
13/07/2015;5.195352554
14/07/2015;5.283483982
15/07/2015;5.190944672
16/07/2015;5.283483982
17/07/2015;5.027901173
20/07/2015;4.754695415
21/07/2015;4.728254795
22/07/2015;4.565211296
23/07/2015;4.459453106
24/07/2015;4.419794559
27/07/2015;4.186245441
28/07/2015;4.415388584
29/07/2015;4.715034485
30/07/2015;4.591650963
31/07/2015;4.622496605
03/08/2015;4.419794559
04/08/2015;4.477079391
05/08/2015;4.410981178
06/08/2015;4.556398392
07/08/2015;4.269970894
10/08/2015;4.402168274
11/08/2015;4.397762299
12/08/2015;4.32725668
13/08/2015;4.186245441
14/08/2015;4.098114491
17/08/2015;4.0320158
18/08/2015;3.961510181
19/08/2015;3.851346016
20/08/2015;3.829313278
21/08/2015;3.657457113
24/08/2015;3.476786852
25/08/2015;3.459161043
26/08/2015;3.582544565
27/08/2015;3.930664063
28/08/2015;3.974731445
31/08/2015;4.049642563
01/09/2015;3.785247564
02/09/2015;3.886598587
03/09/2015;3.860160351
04/09/2015;3.749995708
08/09/2015;3.80728054
09/09/2015;3.697116852
10/09/2015;3.5120399
11/09/2015;3.375436068
14/09/2015;3.401875257
15/09/2015;3.371029377
16/09/2015;3.586952209
17/09/2015;3.463567972
18/09/2015;3.348996878
21/09/2015;3.216799259
22/09/2015;3.071381807
23/09/2015;3.005284309
24/09/2015;3.06697607
25/09/2015;3.005284309
28/09/2015;2.837834597
29/09/2015;2.903932333
30/09/2015;3.190360069
01/10/2015;3.093415499
02/10/2015;3.423908234
05/10/2015;3.445941925
06/10/2015;3.608984709
07/10/2015;3.732369661
08/10/2015;3.855753183
09/10/2015;3.87778616
13/10/2015;3.582544565
14/10/2015;3.507633209
15/10/2015;3.525259972
16/10/2015;3.503226995
19/10/2015;3.503226995
20/10/2015;3.547292948
21/10/2015;3.415095329
22/10/2015;3.534073114
23/10/2015;3.520853281
26/10/2015;3.459161043
27/10/2015;3.348996878
28/10/2015;3.503226995
29/10/2015;3.353403091
30/10/2015;3.397468328
03/11/2015;3.736774206
04/11/2015;3.560512543
05/11/2015;3.573732376
06/11/2015;3.445941925
09/11/2015;3.485599995
10/11/2015;3.353403091
11/11/2015;3.401875257
12/11/2015;3.340183973
13/11/2015;3.203579903
16/11/2015;3.39306283
17/11/2015;3.419502258
18/11/2015;3.445941925
19/11/2015;3.454754829
23/11/2015;3.560512543
24/11/2015;3.745588779
25/11/2015;3.481194973
26/11/2015;3.490007877
27/11/2015;3.348996878
30/11/2015;3.37984252
01/12/2015;3.300524235
02/12/2015;3.313744783
03/12/2015;3.516447067
04/12/2015;3.313744783
07/12/2015;3.168327332
08/12/2015;3.141888142
09/12/2015;3.371029377
10/12/2015;3.282897949
11/12/2015;3.194766521
14/12/2015;3.177140236
15/12/2015;3.269678354
16/12/2015;3.212393045
17/12/2015;3.172733545
18/12/2015;3.093415499
21/12/2015;2.925965309
22/12/2015;2.992064238
23/12/2015;3.053756237
28/12/2015;2.952404976
29/12/2015;2.947998285
30/12/2015;2.952404976
04/01/2016;3.027317047
05/01/2016;2.943592072
06/01/2016;2.820207834
07/01/2016;2.758516312
08/01/2016;2.762922525
11/01/2016;2.683604956
12/01/2016;2.436836004
13/01/2016;2.322264433
14/01/2016;2.507341385
15/01/2016;2.278199196
18/01/2016;2.115155697
19/01/2016;2.053463459
20/01/2016;1.952112436
21/01/2016;1.982958674
22/01/2016;1.943299294
26/01/2016;1.850760937
27/01/2016;2.013804674
28/01/2016;2.027024508
29/01/2016;2.132782221
01/02/2016;2.079903364
02/02/2016;1.894827008
03/02/2016;1.978552461
04/02/2016;2.084310055
05/02/2016;2.000585079
10/02/2016;1.89923346
11/02/2016;1.863981247
12/02/2016;1.960925937
15/02/2016;2.013804674
16/02/2016;1.956519127
17/02/2016;2.062276602
18/02/2016;2.022618055
19/02/2016;1.965332031
22/02/2016;2.220913887
23/02/2016;2.168034554
24/02/2016;2.146002054
25/02/2016;2.154815197
26/02/2016;2.146002054
29/02/2016;2.264979124
01/03/2016;2.339891195
02/03/2016;2.489714861
03/03/2016;2.895119905
04/03/2016;3.181546688
07/03/2016;3.247645855
08/03/2016;3.29171133
09/03/2016;3.348996878
10/03/2016;3.503226995
11/03/2016;3.564919233
14/03/2016;3.260865211
15/03/2016;2.912746191
16/03/2016;3.185953379
17/03/2016;3.569325924
18/03/2016;3.57813859
21/03/2016;3.5516994
22/03/2016;3.573732376
23/03/2016;3.428315878
24/03/2016;3.441534519
28/03/2016;3.719148636
29/03/2016;3.741180897
30/03/2016;3.719148636
31/03/2016;3.661864519
01/04/2016;3.683896542
04/04/2016;3.322557449
05/04/2016;3.437128544
06/04/2016;3.340183973
07/04/2016;3.39306283
08/04/2016;3.639830828
11/04/2016;3.697116852
12/04/2016;3.983542919
13/04/2016;4.181839466
14/04/2016;4.036421299
15/04/2016;4.269970894
18/04/2016;4.071675301
19/04/2016;4.234717846
20/04/2016;4.177432537
22/04/2016;4.296410561
25/04/2016;4.111334324
26/04/2016;4.26115799
27/04/2016;4.516738415
28/04/2016;4.507925034
29/04/2016;4.507925034
02/05/2016;4.481487274
03/05/2016;4.309630394
04/05/2016;4.371321678
05/05/2016;4.322850227
06/05/2016;4.441827774
09/05/2016;4.177432537
10/05/2016;4.499112129
11/05/2016;4.516738415
12/05/2016;4.314036846
13/05/2016;4.16862011
16/05/2016;4.296410561
17/05/2016;4.186245441
18/05/2016;4.106926918
19/05/2016;3.948291302
20/05/2016;3.921851873
23/05/2016;3.745588779
24/05/2016;3.758807898
25/05/2016;3.820501328
27/05/2016;3.626610756
30/05/2016;3.692709208
31/05/2016;3.542886496
01/06/2016;3.604578257
02/06/2016;3.666270256
03/06/2016;3.776434183
06/06/2016;3.727962494
07/06/2016;3.798466921
08/06/2016;4.137774467
09/06/2016;4.045236111
10/06/2016;3.868972778
13/06/2016;3.798466921
14/06/2016;3.657457113
15/06/2016;3.749995708
16/06/2016;3.745588779
17/06/2016;3.943884373
20/06/2016;4.045236111
21/06/2016;4.199465752
22/06/2016;4.115742207
23/06/2016;4.26115799
24/06/2016;4.076081276
27/06/2016;3.868972778
28/06/2016;4.054049015
29/06/2016;4.186245441
30/06/2016;4.15099287
01/07/2016;4.32725668
04/07/2016;4.349288464
05/07/2016;4.093708515
06/07/2016;4.186245441
07/07/2016;4.212685108
08/07/2016;4.336069107
11/07/2016;4.565211296
12/07/2016;4.693001747
13/07/2016;4.684188843
14/07/2016;4.8163867
15/07/2016;4.856044292
18/07/2016;5.089594841
19/07/2016;5.190944672
20/07/2016;5.208571434
21/07/2016;5.221790314
22/07/2016;5.261451244
25/07/2016;5.301108837
26/07/2016;5.235011101
27/07/2016;5.071967602
28/07/2016;5.041121006
29/07/2016;5.230605125
01/08/2016;4.957396984
02/08/2016;5.005868435
03/08/2016;5.243823528
04/08/2016;5.29229641
05/08/2016;5.133659363
08/08/2016;5.248230934
09/08/2016;5.235011101
10/08/2016;5.094001293
11/08/2016;5.33195591
12/08/2016;5.287889004
15/08/2016;5.42449379
16/08/2016;5.503811359
17/08/2016;5.622788906
18/08/2016;5.675669193
19/08/2016;5.636008263
22/08/2016;5.442121506
23/08/2016;5.58313036
24/08/2016;5.46415329
25/08/2016;5.521437645
26/08/2016;5.530251026
29/08/2016;5.671261787
30/08/2016;5.768207073
31/08/2016;5.662448406
01/09/2016;5.728547096
02/09/2016;5.979721069
05/09/2016;6.094292164
06/09/2016;6.160392761
08/09/2016;6.266149521
09/09/2016;5.953282356
12/09/2016;6.147171974
13/09/2016;5.732954025
14/09/2016;5.777019024
15/09/2016;5.953282356
16/09/2016;5.799052715
19/09/2016;5.750580788
20/09/2016;5.948875904
21/09/2016;6.019381046
22/09/2016;6.169205189
23/09/2016;6.032600403
26/09/2016;5.904809952
27/09/2016;5.781425476
28/09/2016;6.103106022
29/09/2016;5.918030262
30/09/2016;5.979721069
03/10/2016;6.155984879
04/10/2016;6.178018093
05/10/2016;6.424786091
06/10/2016;6.653927803
07/10/2016;6.724433422
10/10/2016;6.931540966
11/10/2016;6.781718254
13/10/2016;6.944762707
14/10/2016;7.16508913
17/10/2016;7.447112083
18/10/2016;7.676253796
19/10/2016;7.764385223
20/10/2016;7.817262173
21/10/2016;7.909800529
24/10/2016;8.019967079
25/10/2016;7.931834698
26/10/2016;7.975900173
27/10/2016;7.97149229
28/10/2016;7.97149229
31/10/2016;7.795231342
01/11/2016;7.429484844
03/11/2016;7.107804298
04/11/2016;7.046112537
07/11/2016;7.583714485
08/11/2016;7.508804798
09/11/2016;7.336946964
10/11/2016;6.830190659
11/11/2016;6.173611164
14/11/2016;6.169205189
16/11/2016;6.49529171
17/11/2016;6.296995163
18/11/2016;6.398347855
21/11/2016;6.865443707
22/11/2016;7.019673347
23/11/2016;6.984419823
24/11/2016;6.865443707
25/11/2016;6.742058754
28/11/2016;6.812563896
29/11/2016;6.460039139
30/11/2016;7.050519943
01/12/2016;6.803750515
02/12/2016;6.975607395
05/12/2016;6.900696278
06/12/2016;7.116616726
07/12/2016;6.988826752
08/12/2016;6.918322086
09/12/2016;6.865443707
12/12/2016;6.874257088
13/12/2016;6.808157444
14/12/2016;6.49529171
15/12/2016;6.543763638
16/12/2016;6.504105091
19/12/2016;6.327840328
20/12/2016;6.323435783
21/12/2016;6.319027901
22/12/2016;6.173611164
23/12/2016;6.274962425
26/12/2016;6.354280472
27/12/2016;6.349873543
28/12/2016;6.512917995
29/12/2016;6.552577496
02/01/2017;6.460039139
03/01/2017;6.830190659
04/01/2017;6.830190659
05/01/2017;6.940355778
06/01/2017;6.900696278
09/01/2017;6.755279541
10/01/2017;6.821378231
11/01/2017;6.900696278
12/01/2017;7.006453991
13/01/2017;6.909509659
16/01/2017;6.940355778
17/01/2017;6.971199989
18/01/2017;6.95798254
19/01/2017;6.949168682
20/01/2017;7.050519943
23/01/2017;7.046112537
24/01/2017;7.068146229
26/01/2017;6.962389946
27/01/2017;6.883069038
30/01/2017;6.539356709
31/01/2017;6.618675709
01/02/2017;6.618675709
02/02/2017;6.561389446
03/02/2017;6.75968504
06/02/2017;6.592236996
07/02/2017;6.477664948
08/02/2017;6.653927803
09/02/2017;6.631896019
10/02/2017;6.865443707
13/02/2017;6.883069038
14/02/2017;6.971199989
15/02/2017;6.980015755
16/02/2017;6.988826752
17/02/2017;6.878663063
20/02/2017;7.015266418
21/02/2017;7.09017849
22/02/2017;6.918322086
23/02/2017;6.856631756
24/02/2017;6.68917942
01/03/2017;6.839004517
02/03/2017;6.658333302
03/03/2017;6.750872135
06/03/2017;6.653927803
07/03/2017;6.68917942
08/03/2017;6.411565781
09/03/2017;6.389533043
10/03/2017;6.305809498
13/03/2017;6.332248211
14/03/2017;5.988534451
15/03/2017;6.257336617
16/03/2017;6.041414261
17/03/2017;5.799052715
20/03/2017;5.992942333
21/03/2017;5.728547096
22/03/2017;6.019381046
23/03/2017;5.979721069
24/03/2017;5.940062523
27/03/2017;6.067853928
28/03/2017;6.147171974
29/03/2017;6.367499828
30/03/2017;6.367499828
31/03/2017;6.385126591
03/04/2017;6.464445591
04/04/2017;6.543763638
05/04/2017;6.420379639
06/04/2017;6.402752876
07/04/2017;6.477664948
10/04/2017;6.583422661
11/04/2017;6.468851089
12/04/2017;6.455632687
13/04/2017;6.204458237
17/04/2017;6.292589188
18/04/2017;6.213271141
19/04/2017;5.992942333
20/04/2017;6.116326809
24/04/2017;6.182424545
25/04/2017;6.319027901
26/04/2017;6.169205189
27/04/2017;6.050226688
28/04/2017;6.155984879
02/05/2017;6.164798737
03/05/2017;6.239709377
04/05/2017;5.992942333
05/05/2017;6.261743069
08/05/2017;6.204458237
09/05/2017;6.23089695
10/05/2017;6.490884304
11/05/2017;6.530544281
12/05/2017;6.808157444
15/05/2017;6.909509659
16/05/2017;6.918322086
17/05/2017;6.878663063
18/05/2017;5.794644833
19/05/2017;6.001753807
22/05/2017;5.904809952
23/05/2017;5.944468498
24/05/2017;6.19123745
25/05/2017;6.054634094
26/05/2017;6.028193951
29/05/2017;6.028193951
30/05/2017;5.887184143
31/05/2017;5.710922241
01/06/2017;5.64922905
02/06/2017;5.750580788
05/06/2017;5.807864666
06/06/2017;5.807864666
07/06/2017;5.671261787
08/06/2017;5.658041954
09/06/2017;5.662448406
12/06/2017;5.684482574
13/06/2017;5.702107906
14/06/2017;5.561098099
15/06/2017;5.561098099
16/06/2017;5.411273956
19/06/2017;5.415679932
20/06/2017;5.226198196
21/06/2017;5.129253387
22/06/2017;5.305516243
23/06/2017;5.257043839
26/06/2017;5.406867981
27/06/2017;5.380427361
28/06/2017;5.323143005
29/06/2017;5.367209911
30/06/2017;5.45093298
03/07/2017;5.446526051
04/07/2017;5.477372646
05/07/2017;5.380427361
06/07/2017;5.362802029
07/07/2017;5.257043839
10/07/2017;5.279076099
11/07/2017;5.43330574
12/07/2017;5.702107906
13/07/2017;5.671261787
14/07/2017;5.750580788
17/07/2017;5.680075645
18/07/2017;5.702107906
19/07/2017;5.829898834
20/07/2017;5.772612572
21/07/2017;5.591944218
24/07/2017;5.675669193
25/07/2017;5.825492382
26/07/2017;5.754986286
27/07/2017;5.728547096
28/07/2017;5.785833836
31/07/2017;5.856337547
01/08/2017;5.781425476
02/08/2017;5.953282356
03/08/2017;5.865150928
04/08/2017;5.904809952
07/08/2017;5.970908642
08/08/2017;5.944468498
09/08/2017;5.957688808
10/08/2017;5.812272549
11/08/2017;5.706515312
14/08/2017;5.763800621
15/08/2017;5.794644833
16/08/2017;5.785833836
17/08/2017;5.750580788
18/08/2017;5.992942333
21/08/2017;5.878370762
22/08/2017;6.076666832
23/08/2017;6.063448429
24/08/2017;6.081073761
25/08/2017;6.116326809
28/08/2017;6.111919403
29/08/2017;6.103106022
30/08/2017;5.926841736
31/08/2017;6.014974117
01/09/2017;6.178018093
04/09/2017;6.244116783
05/09/2017;6.349873543
06/09/2017;6.618675709
07/09/2017;6.618675709
08/09/2017;6.482071877
11/09/2017;6.605455875
12/09/2017;6.552577496
13/09/2017;6.623081207
14/09/2017;6.627489567
15/09/2017;6.627489567
18/09/2017;6.627489567
19/09/2017;6.671554565
20/09/2017;6.993234634
21/09/2017;6.90510416
22/09/2017;6.913916111
25/09/2017;6.980015755
26/09/2017;6.856631756
27/09/2017;6.746465206
28/09/2017;6.75968504
29/09/2017;6.742058754
02/10/2017;6.78612566
03/10/2017;7.041706562
04/10/2017;6.900696278
05/10/2017;7.006453991
06/10/2017;6.913916111
09/10/2017;7.002047539
10/10/2017;7.134245396
11/10/2017;7.085772991
12/10/2017;7.085772991
13/10/2017;7.085772991
16/10/2017;7.1033988
17/10/2017;7.107804298
18/10/2017;7.121025085
19/10/2017;7.116616726
20/10/2017;7.147464752
23/10/2017;7.138651848
24/10/2017;7.275256157
25/10/2017;7.367793083
26/10/2017;7.372200012
27/10/2017;7.504396915
30/10/2017;7.394233704
31/10/2017;7.389825344
01/11/2017;7.447112083
02/11/2017;7.447112083
03/11/2017;7.464739323
06/11/2017;7.680660725
07/11/2017;7.270848751
08/11/2017;7.469145298
09/11/2017;7.367793083
10/11/2017;7.367793083
13/11/2017;7.332540512
14/11/2017;6.764092445
15/11/2017;6.764092445
16/11/2017;6.966794491
17/11/2017;7.059332848
20/11/2017;7.059332848
21/11/2017;7.006453991
22/11/2017;7.098992825
23/11/2017;7.134245396
24/11/2017;7.094585896
27/11/2017;6.993234634
28/11/2017;6.980015755
29/11/2017;6.755279541
30/11/2017;6.777311802
01/12/2017;6.878663063
04/12/2017;6.821378231
05/12/2017;6.746465206
06/12/2017;6.839004517
07/12/2017;6.724433422
08/12/2017;6.764092445
11/12/2017;6.777311802
12/12/2017;6.825784683
13/12/2017;6.68917942
14/12/2017;6.61426878
15/12/2017;6.587829113
18/12/2017;6.706806183
19/12/2017;6.671554565
20/12/2017;6.71561861
21/12/2017;6.988826752
22/12/2017;6.940355778
25/12/2017;6.940355778
26/12/2017;7.037299633
27/12/2017;7.072550774
28/12/2017;7.094585896
29/12/2017;7.094585896
02/01/2018;7.292881012
03/01/2018;7.358979225
04/01/2018;7.372200012
05/01/2018;7.416265488
08/01/2018;7.504396915
09/01/2018;7.504396915
10/01/2018;7.403043747
11/01/2018;7.601344109
12/01/2018;7.623374462
15/01/2018;7.645406246
16/01/2018;7.777605534
17/01/2018;8.090472221
18/01/2018;8.028779984
19/01/2018;8.046404839
22/01/2018;8.138943672
23/01/2018;8.037592888
24/01/2018;8.522315979
25/01/2018;8.522315979
26/01/2018;8.78230381
29/01/2018;8.747051239
30/01/2018;8.5884161
31/01/2018;8.680953026
01/02/2018;9.042291641
02/02/2018;8.799929619
05/02/2018;8.390118599
06/02/2018;8.808742523
07/02/2018;8.566380501
08/02/2018;8.394525528
09/02/2018;8.271140099
14/02/2018;8.482657433
15/02/2018;8.548754692
16/02/2018;8.557566643
19/02/2018;8.83518219
20/02/2018;9.00703907
21/02/2018;8.923313141
22/02/2018;9.139235497
23/02/2018;9.306688309
26/02/2018;9.482949257
27/02/2018;9.474134445
28/02/2018;9.45650959
01/03/2018;9.267028809
02/03/2018;9.478543282
05/03/2018;9.747344017
06/03/2018;9.650397301
07/03/2018;9.549049377
08/03/2018;9.562267303
09/03/2018;9.866321564
12/03/2018;9.839878082
13/03/2018;9.742935181
14/03/2018;9.861913681
15/03/2018;9.390410423
16/03/2018;9.443291664
19/03/2018;9.222960472
20/03/2018;9.324313164
21/03/2018;9.716496468
22/03/2018;9.571080208
23/03/2018;9.584300995
26/03/2018;9.707685471
27/03/2018;9.447698593
28/03/2018;9.341938019
29/03/2018;9.43447876
02/04/2018;9.209739685
03/04/2018;9.126015663
04/04/2018;8.98059845
05/04/2018;9.319907188
06/04/2018;9.377193451
09/04/2018;9.046697617
10/04/2018;9.43006897
11/04/2018;9.606331825
12/04/2018;9.553455353
13/04/2018;9.341938019
16/04/2018;9.08635807
17/04/2018;9.267028809
18/04/2018;9.606331825
19/04/2018;9.782595634
20/04/2018;9.853098869
23/04/2018;9.90598011
24/04/2018;9.870729446
25/04/2018;9.575488091
26/04/2018;9.97207737
27/04/2018;10.0073328
30/04/2018;10.12190151
02/05/2018;9.958859444
03/05/2018;9.892760277
04/05/2018;9.813440323
07/05/2018;9.980892181
08/05/2018;10.09546375
09/05/2018;10.91949272
10/05/2018;11.34692764
11/05/2018;11.2103281
14/05/2018;11.56285095
15/05/2018;11.80521297
16/05/2018;12.06960678
17/05/2018;11.43506336
18/05/2018;11.30286312
21/05/2018;11.03846836
22/05/2018;10.91042328
23/05/2018;10.2746067
24/05/2018;8.866098404
25/05/2018;8.742466927
28/05/2018;7.46642065
29/05/2018;8.521697998
30/05/2018;8.38040638
01/06/2018;7.135266781
04/06/2018;7.740176201
05/06/2018;7.325129032
06/06/2018;7.210327148
07/06/2018;6.958651543
08/06/2018;6.733467579
11/06/2018;6.804111958
12/06/2018;6.826189041
13/06/2018;6.698143959
14/06/2018;6.667234898
15/06/2018;6.609835625
18/06/2018;6.402311802
19/06/2018;6.808526993
20/06/2018;7.157342434
21/06/2018;6.667234898
22/06/2018;6.67165041
25/06/2018;6.932159424
26/06/2018;7.082282543
27/06/2018;7.307466984
28/06/2018;7.329544067
29/06/2018;7.590051174
02/07/2018;7.713681698
03/07/2018;7.726928711
04/07/2018;7.775498867
05/07/2018;7.885883331
06/07/2018;7.92120409
10/07/2018;7.837312222
11/07/2018;7.687189579
12/07/2018;7.925620556
13/07/2018;7.99627018
16/07/2018;7.894712448
17/07/2018;8.075743675
18/07/2018;7.969773769
19/07/2018;8.124314308
20/07/2018;8.517284393
23/07/2018;8.504037857
24/07/2018;8.680652618
25/07/2018;8.813114166
26/07/2018;8.570266724
27/07/2018;8.729223251
30/07/2018;8.782205582
31/07/2018;8.707143784
01/08/2018;8.83519268
02/08/2018;9.011807442
03/08/2018;9.320882797
06/08/2018;9.289977074
07/08/2018;9.144267082
08/08/2018;8.89259243
09/08/2018;8.980900764
10/08/2018;8.649744034
13/08/2018;8.848437309
14/08/2018;8.84401226
15/08/2018;8.43235302
16/08/2018;8.38808918
17/08/2018;8.171193123
20/08/2018;8.126929283
21/08/2018;7.843637466
22/08/2018;8.122503281
23/08/2018;7.945444107
24/08/2018;8.100370407
27/08/2018;8.281855583
28/08/2018;8.122503281
29/08/2018;8.543013573
30/08/2018;8.321690559
31/08/2018;8.525306702
03/09/2018;8.4102211
04/09/2018;8.255293846
05/09/2018;8.299559593
06/09/2018;8.40579319
10/09/2018;8.525306702
11/09/2018;8.188898087
12/09/2018;8.38808918
13/09/2018;8.281855583
14/09/2018;8.317265511
17/09/2018;8.587276459
18/09/2018;8.963522911
19/09/2018;8.84401226
20/09/2018;8.795320511
21/09/2018;8.914834976
24/09/2018;8.852862358
25/09/2018;8.888274193
26/09/2018;8.936964989
27/09/2018;9.499121666
28/09/2018;9.335345268
01/10/2018;9.295508385
02/10/2018;10.10111618
03/10/2018;10.53048134
04/10/2018;10.63229084
05/10/2018;10.60573006
08/10/2018;11.77430916
09/10/2018;11.87168884
10/10/2018;11.53085327
11/10/2018;11.19444561
15/10/2018;11.4069128
16/10/2018;11.83185196
17/10/2018;11.7079134
18/10/2018;11.37592888
19/10/2018;11.47331238
22/10/2018;11.74332333
23/10/2018;11.5972538
24/10/2018;11.36707497
25/10/2018;11.65036774
26/10/2018;12.21695137
29/10/2018;11.69463253
30/10/2018;12.39400959
31/10/2018;12.22580528
01/11/2018;12.09301186
05/11/2018;12.46483135
06/11/2018;12.03546906
07/11/2018;11.64151382
08/11/2018;11.22100544
09/11/2018;11.26969528
12/11/2018;11.21215153
13/11/2018;10.72967148
14/11/2018;11.11034298
16/11/2018;11.42019463
19/11/2018;11.50872231
21/11/2018;11.14132881
22/11/2018;11.17688179
23/11/2018;10.83024216
26/11/2018;10.7769146
27/11/2018;11.34575653
28/11/2018;11.27909565
29/11/2018;11.18577099
30/11/2018;11.31464672
03/12/2018;11.52796459
04/12/2018;11.26132011
05/12/2018;11.3590889
06/12/2018;10.92801285
07/12/2018;11.00800705
10/12/2018;10.4169426
11/12/2018;10.35028362
12/12/2018;10.35472584
13/12/2018;10.38138962
14/12/2018;10.24362278
17/12/2018;10.16362858
18/12/2018;9.776992798
19/12/2018;9.888095856
20/12/2018;9.550346375
21/12/2018;9.577009201
26/12/2018;9.966169357
27/12/2018;9.961571693
28/12/2018;10.42586422
02/01/2019;11.06023979
03/01/2019;11.33146
04/01/2019;11.36363983
07/01/2019;11.54292011
08/01/2019;11.47396469
09/01/2019;11.71300697
10/01/2019;11.61187458
11/01/2019;11.48775864
14/01/2019;11.42340183
15/01/2019;11.41420937
16/01/2019;11.40961075
17/01/2019;11.56590557
18/01/2019;11.67623234
21/01/2019;11.73599148
22/01/2019;11.55211449
23/01/2019;11.69002342
24/01/2019;11.74059105
28/01/2019;11.38662624
29/01/2019;11.66244125
30/01/2019;11.77736759
31/01/2019;11.75897598
01/02/2019;11.86010742
04/02/2019;11.96583939
05/02/2019;11.98882484
06/02/2019;11.71760368
07/02/2019;11.53372574
08/02/2019;11.55211449
11/02/2019;11.41880512
12/02/2019;11.82333469
13/02/2019;11.97503281
14/02/2019;12.38875675
15/02/2019;12.33819103
18/02/2019;12.3014164
19/02/2019;12.58642578
20/02/2019;12.43013191
21/02/2019;12.59562111
22/02/2019;12.47150326
25/02/2019;12.27383423
26/02/2019;12.21866989
27/02/2019;12.4485178
28/02/2019;12.43932438
01/03/2019;12.27383423
06/03/2019;12.3014164
07/03/2019;12.30601406
08/03/2019;12.26004505
11/03/2019;12.7565155
12/03/2019;12.64158916
13/03/2019;12.91740608
14/03/2019;12.95877934
15/03/2019;12.98636055
18/03/2019;13.21161079
19/03/2019;13.42306995
20/03/2019;13.31733799
21/03/2019;13.12886524
22/03/2019;12.41174221
25/03/2019;12.56803989
26/03/2019;13.16104317
27/03/2019;12.56803989
28/03/2019;12.89901924
29/03/2019;12.89901924
01/04/2019;12.87143612
02/04/2019;13.00474834
03/04/2019;12.65997887
04/04/2019;13.08749199
05/04/2019;13.22999763
08/04/2019;13.44605446
09/04/2019;13.40468311
10/04/2019;13.22999763
11/04/2019;12.87143612
12/04/2019;11.87390232
15/04/2019;11.91987228
16/04/2019;12.28302765
17/04/2019;12.29681969
18/04/2019;12.68755817
22/04/2019;12.6140089
23/04/2019;12.72433662
24/04/2019;12.68755817
25/04/2019;12.77949905
26/04/2019;12.53545761
29/04/2019;12.59065914
30/04/2019;12.47105503
02/05/2019;12.29624939
03/05/2019;12.35144997
06/05/2019;12.31464863
07/05/2019;12.12144375
08/05/2019;12.59065914
09/05/2019;12.34224987
10/05/2019;12.27324677
13/05/2019;11.91443443
14/05/2019;11.96043396
15/05/2019;11.90523434
16/05/2019;11.62462234
17/05/2019;11.35321522
20/05/2019;11.73962975
21/05/2019;12.18584347
22/05/2019;12.13967037
23/05/2019;11.93187428
24/05/2019;12.0473156
27/05/2019;12.11658001
28/05/2019;12.37516689
29/05/2019;12.23663902
30/05/2019;12.07502079
31/05/2019;11.7979641
03/06/2019;12.00113964
04/06/2019;12.09810925
05/06/2019;11.94110966
06/06/2019;12.13505077
07/06/2019;12.35669518
10/06/2019;12.30589962
11/06/2019;12.541399
12/06/2019;12.39825439
13/06/2019;12.55063534
14/06/2019;12.49522305
17/06/2019;12.5183115
18/06/2019;12.67530918
19/06/2019;12.70763302
21/06/2019;13.05856895
24/06/2019;13.04471684
25/06/2019;12.70301247
26/06/2019;12.77689743
27/06/2019;12.57372189
28/06/2019;12.65684032
01/07/2019;12.58757591
02/07/2019;12.38440037
03/07/2019;12.55063534
04/07/2019;12.64760399
05/07/2019;12.65222263
08/07/2019;12.767663
10/07/2019;12.96160126
11/07/2019;13.1139822
12/07/2019;13.17401028
15/07/2019;13.012393
16/07/2019;12.85077858
17/07/2019;12.78151608
18/07/2019;12.70301247
19/07/2019;12.67069054
22/07/2019;12.69378185
23/07/2019;12.70763302
24/07/2019;12.62913227
25/07/2019;12.41672421
26/07/2019;12.07040215
29/07/2019;12.18122673
30/07/2019;12.11658001
31/07/2019;12.04269695
01/08/2019;12.12119865
02/08/2019;12.2458725
05/08/2019;11.7979641
06/08/2019;11.9503479
07/08/2019;11.82105255
08/08/2019;12.16737366
09/08/2019;12.13505077
12/08/2019;11.84414005
13/08/2019;12.00237274
14/08/2019;11.5974865
15/08/2019;11.27636814
16/08/2019;11.12744141
19/08/2019;11.18329048
20/08/2019;11.1786356
21/08/2019;11.84414196
22/08/2019;11.73710155
23/08/2019;11.29963779
26/08/2019;11.15071201
27/08/2019;11.32756042
28/08/2019;11.44390583
29/08/2019;11.86740971
30/08/2019;11.86740971
02/09/2019;11.77433395
03/09/2019;11.91395092
04/09/2019;12.22110558
05/09/2019;12.28160667
06/09/2019;12.34210682
09/09/2019;12.53291702
10/09/2019;12.6120348
11/09/2019;12.50499439
12/09/2019;12.59341621
13/09/2019;12.50964832
16/09/2019;13.05880451
17/09/2019;12.88661098
18/09/2019;12.6678791
19/09/2019;12.70045662
20/09/2019;12.56549263
23/09/2019;12.78888035
24/09/2019;12.69115067
25/09/2019;12.72372627
26/09/2019;12.89126682
27/09/2019;12.87265205
30/09/2019;12.82145882
01/10/2019;12.80284214
02/10/2019;12.43518448
03/10/2019;12.44449234
04/10/2019;12.3374548
07/10/2019;12.17922115
08/10/2019;12.10941315
09/10/2019;12.34210682
10/10/2019;12.44449234
11/10/2019;12.68649483
14/10/2019;12.70976353
15/10/2019;12.84472656
16/10/2019;12.99830532
17/10/2019;12.87265205
18/10/2019;12.84472656
21/10/2019;12.92384434
22/10/2019;13.29615307
23/10/2019;13.47300148
24/10/2019;13.17980671
25/10/2019;13.61262035
28/10/2019;13.7755022
29/10/2019;13.87788868
30/10/2019;13.99888992
31/10/2019;14.14316082
01/11/2019;14.1617775
04/11/2019;14.12920094
05/11/2019;13.79877377
06/11/2019;13.82669735
07/11/2019;14.38051033
08/11/2019;13.97096634
11/11/2019;14.17108631
12/11/2019;14.06376648
13/11/2019;14.00754929
14/11/2019;13.72646332
18/11/2019;13.62339783
19/11/2019;13.48285198
21/11/2019;13.98412704
22/11/2019;14.04502964
25/11/2019;13.9279089
26/11/2019;13.67492962
27/11/2019;13.74051762
28/11/2019;13.83421326
29/11/2019;13.65618896
02/12/2019;13.61871243
03/12/2019;13.57654953
04/12/2019;13.8951149
05/12/2019;14.07782269
06/12/2019;14.21836662
09/12/2019;14.15277863
10/12/2019;14.26052952
11/12/2019;14.24178982
12/12/2019;14.5088253
13/12/2019;14.04502964
16/12/2019;13.77799416
17/12/2019;13.98412704
18/12/2019;14.30737877
19/12/2019;14.34017086
20/12/2019;14.17620182
23/12/2019;14.28863907
26/12/2019;14.48071384
27/12/2019;14.49588776
30/12/2019;14.33440113
02/01/2020;14.58138084
03/01/2020;14.46263695
06/01/2020;14.63362312
07/01/2020;14.5766325
08/01/2020;14.4863863
09/01/2020;14.43889046
10/01/2020;14.37714577
13/01/2020;14.40564251
14/01/2020;14.24890423
15/01/2020;14.03517056
16/01/2020;14.02092552
17/01/2020;14.17765999
20/01/2020;14.24890423
21/01/2020;14.06841946
22/01/2020;13.91168118
23/01/2020;14.0826683
24/01/2020;13.91643238
27/01/2020;13.31322861
28/01/2020;13.6789484
29/01/2020;13.70269871
30/01/2020;13.74544525
31/01/2020;13.51271057
03/02/2020;13.38447094
04/02/2020;13.59820461
05/02/2020;13.48421478
06/02/2020;13.85943413
07/02/2020;13.740695
10/02/2020;13.83568764
11/02/2020;14.00192261
12/02/2020;14.31064892
13/02/2020;14.1159153
14/02/2020;13.97342587
17/02/2020;13.94493008
18/02/2020;14.13016605
19/02/2020;14.51013565
20/02/2020;14.21090794
21/02/2020;13.84043789
26/02/2020;12.44879436
27/02/2020;12.01657581
28/02/2020;12.03557491
02/03/2020;12.60078239
03/03/2020;12.37279797
04/03/2020;12.77176762
05/03/2020;12.01182556
06/03/2020;10.84341812
09/03/2020;7.6231637
10/03/2020;8.34035778
11/03/2020;7.528171062
12/03/2020;5.984539032
13/03/2020;7.314437866
16/03/2020;6.217272758
17/03/2020;6.174526215
18/03/2020;5.362337112
19/03/2020;5.799304962
20/03/2020;5.699562073
23/03/2020;5.462080479
24/03/2020;6.293266296
25/03/2020;6.801476955
26/03/2020;6.834725857
27/03/2020;6.317015171
30/03/2020;6.35501194
31/03/2020;6.644739151
01/04/2020;6.791978359
02/04/2020;7.36668396
03/04/2020;7.28594017
06/04/2020;7.49017477
07/04/2020;7.789401531
08/04/2020;8.22636795
09/04/2020;7.98888588
13/04/2020;8.041131973
14/04/2020;7.946139336
15/04/2020;7.779901505
16/04/2020;7.466426849
17/04/2020;7.661160469
20/04/2020;7.575668812
22/04/2020;7.955638885
23/04/2020;8.050848007
24/04/2020;7.575871944
27/04/2020;7.813358784
28/04/2020;8.193564415
29/04/2020;8.644803047
30/04/2020;8.573554039
04/05/2020;8.255311966
05/05/2020;8.521306992
06/05/2020;8.207814217
07/05/2020;8.283812523
08/05/2020;8.77780056
11/05/2020;8.621052742
12/05/2020;8.616304398
13/05/2020;8.355060577
14/05/2020;8.264812469
15/05/2020;8.146064758
18/05/2020;8.806300163
19/05/2020;8.87279892
20/05/2020;9.167290688
21/05/2020;9.11504364
22/05/2020;8.868048668
25/05/2020;9.252789497
26/05/2020;9.343036652
27/05/2020;9.466535568
28/05/2020;9.390537262
29/05/2020;9.661279678
01/06/2020;9.656531334
02/06/2020;10.16476917
03/06/2020;10.19801903
04/06/2020;10.17901993
05/06/2020;10.497262
08/06/2020;10.70150852
09/06/2020;10.31676483
10/06/2020;10.16476917
12/06/2020;9.784777641
15/06/2020;9.832276344
16/06/2020;10.15051937
17/06/2020;10.18376923
18/06/2020;10.25976658
19/06/2020;10.19801903
22/06/2020;9.951024055
23/06/2020;10.28351688
24/06/2020;9.974774361
25/06/2020;10.19801903
26/06/2020;9.898774147
29/06/2020;10.28826714
30/06/2020;10.23601818
01/07/2020;10.31201553
02/07/2020;10.47826195
03/07/2020;10.44026279
06/07/2020;10.69200802
07/07/2020;10.55901051
08/07/2020;10.75850582
09/07/2020;10.5162611
10/07/2020;10.69200802
13/07/2020;10.52576065
14/07/2020;10.87725449
15/07/2020;11.08624744
16/07/2020;10.79175472
17/07/2020;10.80125332
20/07/2020;10.80125332
21/07/2020;11.1004982
22/07/2020;10.94850063
23/07/2020;10.72072124
24/07/2020;10.7967205
27/07/2020;11.01997089
28/07/2020;10.82997036
29/07/2020;11.00572109
30/07/2020;10.83946991
31/07/2020;10.54497242
03/08/2020;10.35497189
04/08/2020;10.34547329
05/08/2020;11.01047039
06/08/2020;11.02946854
07/08/2020;10.82522106
10/08/2020;11.13871956
11/08/2020;10.96296978
12/08/2020;11.15297031
13/08/2020;10.84896946
14/08/2020;10.76821995
17/08/2020;10.73497105
18/08/2020;10.93446922
19/08/2020;10.87272167
20/08/2020;10.7967205
21/08/2020;10.71597099
24/08/2020;10.91072083
25/08/2020;10.86322021
26/08/2020;10.55447102
27/08/2020;10.52122211
28/08/2020;10.70647144
31/08/2020;10.39772224
01/09/2020;10.86322021
02/09/2020;10.82997036
03/09/2020;10.86796951
04/09/2020;10.88697052
08/09/2020;10.57347202
09/09/2020;10.7967205
10/09/2020;10.50697327
11/09/2020;10.39297104
14/09/2020;10.29797363
15/09/2020;10.29322147
16/09/2020;10.32172108
17/09/2020;10.52122211
18/09/2020;10.28372288
21/09/2020;9.927473068
22/09/2020;9.879972458
23/09/2020;9.609224319
24/09/2020;9.689974785
25/09/2020;9.561724663
28/09/2020;9.324224472
29/09/2020;9.172224998
30/09/2020;9.314724922
01/10/2020;9.428725243
02/10/2020;9.03447628
05/10/2020;9.514224052
06/10/2020;9.466725349
07/10/2020;9.400225639
08/10/2020;9.708974838
09/10/2020;9.404974937
13/10/2020;9.561724663
14/10/2020;9.485724449
15/10/2020;9.381223679
16/10/2020;9.181724548
19/10/2020;9.271974564
20/10/2020;9.585473061
21/10/2020;9.575973511
22/10/2020;9.898972511
23/10/2020;9.770723343
26/10/2020;9.618724823
27/10/2020;9.442974091
28/10/2020;8.868226051
29/10/2020;9.162724495
30/10/2020;8.996476173
03/11/2020;9.333724976
04/11/2020;9.366973877
05/11/2020;9.447724342
06/11/2020;9.381223679
09/11/2020;10.26472282
10/11/2020;10.96296978
11/11/2020;10.86796951
12/11/2020;10.40722179
13/11/2020;10.74921989
16/11/2020;11.06272125
17/11/2020;11.25271988
18/11/2020;11.18622017
19/11/2020;11.31447029
23/11/2020;11.92246914
24/11/2020;12.45446682
25/11/2020;12.46871567
26/11/2020;12.26446724
27/11/2020;12.11246681
30/11/2020;11.82746792
01/12/2020;12.15996647
02/12/2020;12.3072176
03/12/2020;12.653965
04/12/2020;13.07671547
07/12/2020;12.82496738
08/12/2020;12.66346455
09/12/2020;12.79646683
10/12/2020;13.21446419
11/12/2020;13.09571457
14/12/2020;13.11946678
15/12/2020;13.22871399
16/12/2020;13.39021397
17/12/2020;13.41396236
18/12/2020;13.34746361
21/12/2020;12.83446503
22/12/2020;12.9579649
23/12/2020;13.2762146
28/12/2020;13.38546467
29/12/2020;13.42821312
30/12/2020;13.46146393
04/01/2021;13.73221397
05/01/2021;14.26896191
06/01/2021;14.29746151
07/01/2021;14.72496033
08/01/2021;14.78196144
11/01/2021;14.65846062
12/01/2021;14.54921055
13/01/2021;13.84621143
14/01/2021;13.98871326
15/01/2021;13.3569622
18/01/2021;13.33321285
19/01/2021;13.62771511
20/01/2021;13.39971352
21/01/2021;13.08621502
22/01/2021;12.86771584
26/01/2021;12.82496738
27/01/2021;13.01496506
28/01/2021;13.18596363
29/01/2021;12.6777153
01/02/2021;13.07671547
02/02/2021;13.6134634
03/02/2021;13.74646282
04/02/2021;13.68946362
05/02/2021;13.69896317
08/02/2021;13.35221386
09/02/2021;13.08146667
10/02/2021;13.20496273
11/02/2021;13.33796501
12/02/2021;13.50896358
17/02/2021;14.05521107
18/02/2021;13.9032135
19/02/2021;12.9817152
22/02/2021;10.29322147
23/02/2021;11.42846966
24/02/2021;11.58996773
25/02/2021;11.01522064
26/02/2021;10.56397152
01/03/2021;10.44997311
02/03/2021;10.44522095
03/03/2021;10.06522274
04/03/2021;10.55447102
05/03/2021;10.63522053
08/03/2021;10.02247238
09/03/2021;10.25522137
10/03/2021;10.61147213
11/03/2021;11.06272125
12/03/2021;11.00572109
15/03/2021;11.23371887
16/03/2021;11.05796909
17/03/2021;11.43797016
18/03/2021;11.03896999
19/03/2021;11.39997005
22/03/2021;11.17197037
23/03/2021;10.82997036
24/03/2021;10.83946991
25/03/2021;11.01997089
26/03/2021;11.14346981
29/03/2021;11.31921959
30/03/2021;11.31921959
31/03/2021;11.44746876
01/04/2021;11.34771919
05/04/2021;11.41897106
06/04/2021;11.40947056
07/04/2021;11.39997005
08/04/2021;11.25747013
09/04/2021;11.23371887
12/04/2021;11.34771919
13/04/2021;11.3857193
14/04/2021;11.56621933
15/04/2021;11.33684731
16/04/2021;11.26811028
19/04/2021;11.9211216
20/04/2021;11.69526577
22/04/2021;11.64125633
23/04/2021;11.63143826
26/04/2021;11.67562771
27/04/2021;11.34175682
28/04/2021;11.75418472
29/04/2021;11.59707069
30/04/2021;11.59707069
03/05/2021;11.50378132
04/05/2021;11.23864937
05/05/2021;11.70017719
06/05/2021;11.53815174
07/05/2021;11.97021866
10/05/2021;12.12733364
11/05/2021;12.34827614
12/05/2021;12.16661263
13/05/2021;12.26971817
14/05/2021;12.91290951
17/05/2021;13.08966541
18/05/2021;12.93745804
19/05/2021;12.83926105
20/05/2021;12.73124409
21/05/2021;12.74106503
24/05/2021;12.95709896
25/05/2021;12.6870575
26/05/2021;12.80980301
27/05/2021;12.72142506
28/05/2021;13.251688
31/05/2021;13.19277096
01/06/2021;13.39898586
02/06/2021;13.68375778
04/06/2021;13.99307632
07/06/2021;13.88997078
08/06/2021;14.07163525
09/06/2021;14.07163525
10/06/2021;14.08145332
11/06/2021;14.02744579
14/06/2021;14.1158247
15/06/2021;14.25329781
16/06/2021;14.30730724
17/06/2021;13.81141281
18/06/2021;13.90470028
21/06/2021;14.21402073
22/06/2021;14.28766918
23/06/2021;14.38586521
24/06/2021;14.55771065
25/06/2021;14.28766918
28/06/2021;14.26311874
29/06/2021;14.32694721
30/06/2021;14.44969463
01/07/2021;14.26802731
02/07/2021;14.32694721
05/07/2021;14.16492271
06/07/2021;13.58555984
07/07/2021;13.77213383
08/07/2021;13.4971838
12/07/2021;13.6150198
13/07/2021;13.69848537
14/07/2021;13.58555984
15/07/2021;13.29587841
16/07/2021;13.09948444
19/07/2021;12.88344955
20/07/2021;13.05529499
21/07/2021;13.2369585
22/07/2021;13.20750046
23/07/2021;13.1289444
26/07/2021;13.48736191
27/07/2021;13.33024883
28/07/2021;13.60519886
29/07/2021;13.65429688
30/07/2021;13.21241188
02/08/2021;12.96691895
03/08/2021;13.18295288
04/08/2021;12.90309143
05/08/2021;13.91942978
06/08/2021;13.93906784
09/08/2021;13.84087181
10/08/2021;13.88506126
11/08/2021;14.07654476
12/08/2021;14.28766918
13/08/2021;14.41041279
16/08/2021;14.06181526
17/08/2021;14.06176853
18/08/2021;13.93691349
19/08/2021;13.85887814
20/08/2021;13.83807182
23/08/2021;14.05656624
24/08/2021;14.34789371
25/08/2021;14.42592907
26/08/2021;14.30107498
27/08/2021;14.82130241
30/08/2021;14.72245598
31/08/2021;14.14500427
01/09/2021;14.06697178
02/09/2021;13.83807182
03/09/2021;13.69760895
06/09/2021;13.7652359
08/09/2021;12.99009705
09/09/2021;13.2658186
10/09/2021;13.18258286
13/09/2021;13.64558601
14/09/2021;13.46350479
15/09/2021;13.69760895
16/09/2021;13.57795715
17/09/2021;12.96928883
20/09/2021;12.82362366
21/09/2021;13.11495304
22/09/2021;13.44789886
23/09/2021;13.962924
24/09/2021;13.99413776
27/09/2021;14.11899185
28/09/2021;14.02535057
29/09/2021;14.24904919
30/09/2021;14.1658144
01/10/2021;14.56639099
04/10/2021;14.97737026
05/10/2021;15.30511379
06/10/2021;14.89933586
07/10/2021;14.87852859
08/10/2021;15.14904404
11/10/2021;15.25309086
13/10/2021;15.41436005
14/10/2021;15.44037342
15/10/2021;15.39875698
18/10/2021;15.32072163
19/10/2021;14.57159042
20/10/2021;14.8265028
21/10/2021;14.28026485
22/10/2021;14.13980293
25/10/2021;15.1074276
26/10/2021;14.96176338
27/10/2021;14.92534733
28/10/2021;15.0658083
29/10/2021;14.12419701
01/11/2021;14.56639099
03/11/2021;13.9681282
04/11/2021;13.52593327
05/11/2021;13.44789886
08/11/2021;13.58836174
09/11/2021;13.85887814
10/11/2021;13.74963188
11/11/2021;13.76003647
12/11/2021;14.04095745
16/11/2021;14.18662357
17/11/2021;13.82766438
18/11/2021;13.80685616
19/11/2021;13.57795715
22/11/2021;13.71321583
23/11/2021;14.46234226
24/11/2021;14.75887394
25/11/2021;15.40915966
26/11/2021;14.81089592
29/11/2021;15.33112526
30/11/2021;15.31031704
01/12/2021;15.39875698
02/12/2021;16.57369232
03/12/2021;16.80745316
06/12/2021;16.88342476
07/12/2021;17.15809631
08/12/2021;17.1522522
09/12/2021;17.1171875
10/12/2021;17.32757187
13/12/2021;17.22237778
14/12/2021;17.01783752
15/12/2021;17.12302971
16/12/2021;17.35094833
17/12/2021;16.94186592
20/12/2021;16.45680809
21/12/2021;16.48018646
22/12/2021;16.45680809
23/12/2021;16.55615807
27/12/2021;16.80160904
28/12/2021;16.81914139
29/12/2021;16.6788826
30/12/2021;16.62628746
03/01/2022;17.00030708
04/01/2022;17.06459045
05/01/2022;16.40421295
06/01/2022;16.39252472
07/01/2022;16.46849823
10/01/2022;16.36914825
11/01/2022;16.85420609
12/01/2022;17.36848068
13/01/2022;17.71912193
14/01/2022;18.37949753
17/01/2022;18.40872002
18/01/2022;18.49053574
19/01/2022;18.40287399
20/01/2022;18.53728676
21/01/2022;18.56650734
24/01/2022;18.67170143
25/01/2022;19.27948189
26/01/2022;19.79375458
27/01/2022;19.79959869
28/01/2022;19.01649857
31/01/2022;18.90546227
01/02/2022;19.2853241
02/02/2022;19.00481224
03/02/2022;18.74182701
04/02/2022;19.06909561
07/02/2022;18.78858376
08/02/2022;18.60157204
09/02/2022;18.67170143
10/02/2022;18.9580555
11/02/2022;19.7294693
14/02/2022;19.2853241
15/02/2022;18.98143387
16/02/2022;19.24441528
17/02/2022;19.16844177
18/02/2022;19.2853241
21/02/2022;19.78206825
22/02/2022;19.71778488
23/02/2022;19.99829865
24/02/2022;19.51324272
25/02/2022;19.86972809
02/03/2022;20.26127815
03/03/2022;20.00998688
04/03/2022;20.00414085
07/03/2022;18.58403969
08/03/2022;18.96974564
09/03/2022;19.0281868
10/03/2022;19.69440842
11/03/2022;18.9872818
14/03/2022;18.6249485
15/03/2022;18.17495728
16/03/2022;18.01716805
17/03/2022;17.53795624
18/03/2022;17.8885994
21/03/2022;18.56066513
22/03/2022;18.4788475
23/03/2022;18.73014069
24/03/2022;18.94636917
25/03/2022;18.87624168
28/03/2022;18.46715736
29/03/2022;18.87624168
30/03/2022;19.27948189
31/03/2022;19.54830742
01/04/2022;19.29116821
04/04/2022;19.11000252
05/04/2022;18.92883682
06/04/2022;18.91130829
07/04/2022;19.89310455
08/04/2022;19.99245453
11/04/2022;19.84050941
12/04/2022;19.78206825
13/04/2022;20.20283699
14/04/2022;19.99201775
18/04/2022;19.64038277
19/04/2022;20.23496437
20/04/2022;20.33086395
22/04/2022;19.53808975
25/04/2022;19.2503891
26/04/2022;19.21842194
27/04/2022;19.21842194
28/04/2022;19.34628868
29/04/2022;19.35907555
02/05/2022;19.16727448
03/05/2022;19.33989525
04/05/2022;20.50348473
05/05/2022;20.46512604
06/05/2022;21.13642883
09/05/2022;20.56102371
10/05/2022;20.74003792
11/05/2022;21.46248817
12/05/2022;21.62871552
13/05/2022;21.91002274
16/05/2022;22.12739754
17/05/2022;21.83969498
18/05/2022;21.48166847
19/05/2022;21.84608841
20/05/2022;22.26805305
23/05/2022;23.14394188
24/05/2022;22.51376152
25/05/2022;22.83436966
26/05/2022;22.89136505
27/05/2022;21.80130005
30/05/2022;21.36669922
31/05/2022;21.41657257
01/06/2022;21.38807297
02/06/2022;21.20283318
03/06/2022;21.57331467
06/06/2022;21.58756256
07/06/2022;21.84404755
08/06/2022;21.7371788
09/06/2022;21.42369652
10/06/2022;21.12446404
13/06/2022;20.85372734
14/06/2022;21.08884048
15/06/2022;20.7183609
17/06/2022;19.457304
20/06/2022;19.67816734
21/06/2022;19.28631401
22/06/2022;19.22931671
23/06/2022;18.87308693
24/06/2022;18.73059464
27/06/2022;19.93465233
28/06/2022;20.18401337
29/06/2022;20.00589943
30/06/2022;19.89903069
01/07/2022;20.32650757
04/07/2022;20.76110649
05/07/2022;19.97027779
06/07/2022;19.71379089
07/07/2022;20.29088211
08/07/2022;20.5188694
11/07/2022;20.41912651
12/07/2022;20.11276817
13/07/2022;20.12701797
14/07/2022;19.5855484
15/07/2022;19.92040443
18/07/2022;20.37638092
19/07/2022;20.78960609
20/07/2022;20.78248215
21/07/2022;20.6756134
22/07/2022;20.89647675
25/07/2022;21.87254715
26/07/2022;22.09341049
27/07/2022;22.33564758
28/07/2022;23.00535965
29/07/2022;24.3305378
01/08/2022;23.99568176
02/08/2022;24.10255051
03/08/2022;24.1167984
04/08/2022;24.37328339
05/08/2022;24.84350777
08/08/2022;26.09743881
09/08/2022;26.5249157
10/08/2022;26.4394207
11/08/2022;25.82670593
12/08/2022;27.74459076
15/08/2022;27.75334167
16/08/2022;28.00707436
17/08/2022;28.66328621
18/08/2022;29.24075127
19/08/2022;27.76209068
22/08/2022;28.35705566
23/08/2022;29.25825119
24/08/2022;29.43324089
25/08/2022;29.11825943
26/08/2022;29.43324089
29/08/2022;30.16819763
30/08/2022;28.37455559
31/08/2022;29.07451248
01/09/2022;29.6169796
02/09/2022;29.24075127
05/09/2022;29.17075729
06/09/2022;28.08582115
08/09/2022;27.82333755
09/09/2022;27.81458855
12/09/2022;27.54335403
13/09/2022;26.81714821
14/09/2022;27.22837448
15/09/2022;27.17587662
16/09/2022;26.93089104
19/09/2022;27.35961533
20/09/2022;27.20212555
21/09/2022;27.27212143
22/09/2022;27.9458313
23/09/2022;26.1959362
26/09/2022;25.62722015
27/09/2022;25.95969963
28/09/2022;25.60972023
29/09/2022;25.64471817
30/09/2022;26.07344246
03/10/2022;28.15581894
04/10/2022;27.44711113
05/10/2022;28.4795475
06/10/2022;29.45074081
07/10/2022;29.42449379
10/10/2022;29.09201241
11/10/2022;28.87327576
13/10/2022;29.69572449
14/10/2022;29.24075127
17/10/2022;29.21450424
18/10/2022;29.93196106
19/10/2022;30.99064636
20/10/2022;31.90934372
21/10/2022;33.00302887
24/10/2022;29.966959
25/10/2022;29.33699608
26/10/2022;28.61953926
27/10/2022;28.83827591
28/10/2022;28.49704742
31/10/2022;26.08219147
01/11/2022;26.12594032
03/11/2022;26.20468521
04/11/2022;24.76102066
07/11/2022;23.75483131
08/11/2022;23.92982101
09/11/2022;23.53609276
10/11/2022;22.85363579
11/11/2022;23.61483955
14/11/2022;24.23605347
16/11/2022;23.75483131
17/11/2022;23.76358032
18/11/2022;23.36110497
21/11/2022;23.43110085
22/11/2022;23.32999992
23/11/2022;23.44000053
24/11/2022;24.25
25/11/2022;23.86000061
28/11/2022;24.36000061
29/11/2022;25.37999916
30/11/2022;26.65999985
01/12/2022;25.59000015
02/12/2022;25.90999985
05/12/2022;25.62000084
06/12/2022;25.63999939
07/12/2022;25.35000038
08/12/2022;24.78000069
09/12/2022;24.70999908
12/12/2022;23.90999985
13/12/2022;23.31999969
14/12/2022;21.46999931
15/12/2022;22.04000092
16/12/2022;22.04999924
19/12/2022;22.35000038
